original_asset_id,old_name,final_name,name_changed,handoff_action,source_name_verified,source_status,source_library_url,source_viewer_url,scope,nv_catalog_id,nv_gallery_url,identity_evidence
69eab6d6c71a7100376e1b51,000076_tool,000076 Forked Pry Tool,True,Metadata Only,True,READY,https://library.palatial.cloud/asset/69eab6d6c71a7100376e1b51,https://dashboard.palatial.cloud/viewer/000076-tool-6e1b51,Original Library,,,no confirmed NV mapping
69eab717c71a7100376e2876,000256_orange_hoist,000256 Swivel Lifting Hook,True,Metadata Only,True,READY,https://library.palatial.cloud/asset/69eab717c71a7100376e2876,https://dashboard.palatial.cloud/viewer/000256-orange-hoist-6e2876,Original Library,,,no confirmed NV mapping
69eab78ac71a7100376e3f87,000676_office_chair,000676 Drafting Task Chair,True,Metadata Only,True,READY,https://library.palatial.cloud/asset/69eab78ac71a7100376e3f87,https://dashboard.palatial.cloud/viewer/000676-office-chair-6e3f87,Original Library,,,no confirmed NV mapping
69d9f764f088e31d5f52d092,A00036 Serving Tray,A00036 Metal Baking Tray,True,Metadata Only,True,READY,https://library.palatial.cloud/asset/69d9f764f088e31d5f52d092,https://dashboard.palatial.cloud/viewer/a00036-serving-tray-52d092,Original Library,,,no confirmed NV mapping
69da3115f088e31d5f659364,A00460 Steel Cut Oats Canister,A00460 Canned Food Tin,True,Metadata Only,True,READY,https://library.palatial.cloud/asset/69da3115f088e31d5f659364,https://dashboard.palatial.cloud/viewer/a00460-steel-cut-oats-canister-659364,Original Library,,,no confirmed NV mapping
69da3159f088e31d5f65ab58,A00466 Cornstarch Box,A00466 Screw-Cap Beverage Carton,True,Metadata Only,True,READY,https://library.palatial.cloud/asset/69da3159f088e31d5f65ab58,https://dashboard.palatial.cloud/viewer/a00466-cornstarch-box-65ab58,Original Library,,,no confirmed NV mapping
69f1f09d59057a931058ba54,D00022 Bell Pepper Tomato,D00022 Red Bell Pepper,True,Metadata Only,True,READY,https://library.palatial.cloud/asset/69f1f09d59057a931058ba54,https://dashboard.palatial.cloud/viewer/d00022-bell-pepper-tomato-58ba54,NV export,batch9_D00022_Bell_Pepper_Tomato,https://palatialsim.github.io/palatial-nv-asset-library/?batch=batch9,original asset ID
69f1f0a059057a931058ba6a,D00023 Berry Apple,D00023 Red Apple,True,Metadata Only,True,READY,https://library.palatial.cloud/asset/69f1f0a059057a931058ba6a,https://dashboard.palatial.cloud/viewer/d00023-berry-apple-58ba6a,NV export,batch1_D00023_Berry_Apple,https://palatialsim.github.io/palatial-nv-asset-library/?batch=batch1,original asset ID
69f812cbd09344200f08a82f,D00034 Block,D00034 Wooden Toy Block,True,Metadata Only,True,READY,https://library.palatial.cloud/asset/69f812cbd09344200f08a82f,https://dashboard.palatial.cloud/viewer/d00034-block-08a82f,NV export,batch4_D00034_Block,https://palatialsim.github.io/palatial-nv-asset-library/?batch=batch4,original asset ID
69f1f2ec59057a931058eff1,D00041 Board Plate,D00041 Ceramic Serving Paddle Board,True,Metadata Only,True,READY,https://library.palatial.cloud/asset/69f1f2ec59057a931058eff1,https://dashboard.palatial.cloud/viewer/d00041-board-plate-58eff1,NV export,batch9_D00041_Board_Plate,https://palatialsim.github.io/palatial-nv-asset-library/?batch=batch9,original asset ID
69f1f4a659057a9310591d14,D00048 Bottle Container,D00048 Plastic Bottle,True,Metadata Only,True,READY,https://library.palatial.cloud/asset/69f1f4a659057a9310591d14,https://dashboard.palatial.cloud/viewer/d00048-bottle-container-591d14,NV export,batch1_D00048_Bottle_Container,https://palatialsim.github.io/palatial-nv-asset-library/?batch=batch1,original asset ID
69f1f5b059057a9310593679,D00055 Bowl Basket,D00055 Ceramic Lattice Basket,True,Metadata Only,True,READY,https://library.palatial.cloud/asset/69f1f5b059057a9310593679,https://dashboard.palatial.cloud/viewer/d00055-bowl-basket-593679,NV export,batch1_D00055_Bowl_Basket,https://palatialsim.github.io/palatial-nv-asset-library/?batch=batch1,original asset ID
69fef61cf3726e6ad053857a,D00056 Bowl Container,D00056 Ceramic Mixing Bowl,True,Metadata Only,True,READY,https://library.palatial.cloud/asset/69fef61cf3726e6ad053857a,https://dashboard.palatial.cloud/viewer/d00056-bowl-container-53857a,NV export,batch1_D00056_Bowl_Container,https://palatialsim.github.io/palatial-nv-asset-library/?batch=batch1,original asset ID
69f1f78c59057a9310596274,D00062 Bowl Kitchen Pot,D00062 Stainless Steel Cooking Pot,True,Metadata Only,True,READY,https://library.palatial.cloud/asset/69f1f78c59057a9310596274,https://dashboard.palatial.cloud/viewer/d00062-bowl-kitchen-pot-596274,NV export,batch8_D00062_Bowl_Kitchen_Pot,https://palatialsim.github.io/palatial-nv-asset-library/?batch=batch8,original asset ID
69f1f7d759057a9310596a88,D00064 Bowl Mortar,D00064 Footed Wooden Bowl,True,Metadata Only,True,READY,https://library.palatial.cloud/asset/69f1f7d759057a9310596a88,https://dashboard.palatial.cloud/viewer/d00064-bowl-mortar-596a88,NV export,batch1_D00064_Bowl_Mortar,https://palatialsim.github.io/palatial-nv-asset-library/?batch=batch1,original asset ID
69f1f9e159057a9310599a5f,D00073 Bowl Strain,D00073 Ceramic Colander,True,Metadata Only,True,READY,https://library.palatial.cloud/asset/69f1f9e159057a9310599a5f,https://dashboard.palatial.cloud/viewer/d00073-bowl-strain-599a5f,NV export,batch5_D00073_Bowl_Strain,https://palatialsim.github.io/palatial-nv-asset-library/?batch=batch5,original asset ID
69f1fa0c59057a9310599e5a,D00075 Bowls Plate,D00075 Rimmed Ceramic Soup Bowl,True,Metadata Only,True,READY,https://library.palatial.cloud/asset/69f1fa0c59057a9310599e5a,https://dashboard.palatial.cloud/viewer/d00075-bowls-plate-599e5a,NV export,batch5_D00075_Bowls_Plate,https://palatialsim.github.io/palatial-nv-asset-library/?batch=batch5,original asset ID
69f1ffcf59057a93105a1ed8,D00100 Canister Bottle,D00100 Ceramic Canister with Wooden Lid,True,Metadata Only,True,READY,https://library.palatial.cloud/asset/69f1ffcf59057a93105a1ed8,https://dashboard.palatial.cloud/viewer/d00100-canister-bottle-5a1ed8,Original Library,,,no confirmed NV mapping
69f1fff559057a93105a2213,D00101 Canister Bowl,D00101 Lidded Ceramic Canister,True,Metadata Only,True,READY,https://library.palatial.cloud/asset/69f1fff559057a93105a2213,https://dashboard.palatial.cloud/viewer/d00101-canister-bowl-5a2213,Original Library,,,no confirmed NV mapping
69f2012159057a93105a3c92,D00106 Canister Jar Bottle,D00106 Ceramic Storage Canister,True,Metadata Only,True,READY,https://library.palatial.cloud/asset/69f2012159057a93105a3c92,https://dashboard.palatial.cloud/viewer/d00106-canister-jar-bottle-5a3c92,Original Library,,,no confirmed NV mapping
69f81600d09344200f0b44fa,D00128 Chop,D00128 Carved Stone Seal Stamp,True,Metadata Only,True,READY,https://library.palatial.cloud/asset/69f81600d09344200f0b44fa,https://dashboard.palatial.cloud/viewer/d00128-chop-0b44fa,Original Library,,,no confirmed NV mapping
69fef626f3726e6ad0538cab,D00162 Coffee Pot Kettle,D00162 Gooseneck Pour-Over Kettle,True,Metadata Only,True,READY,https://library.palatial.cloud/asset/69fef626f3726e6ad0538cab,https://dashboard.palatial.cloud/viewer/d00162-coffee-pot-kettle-538cab,Original Library,,,no confirmed NV mapping
69fef931f3726e6ad05a42a1,D00168 Colander Bowl Plate,D00168 Speckled Ceramic Colander,True,Metadata Only,True,READY,https://library.palatial.cloud/asset/69fef931f3726e6ad05a42a1,https://dashboard.palatial.cloud/viewer/d00168-colander-bowl-plate-5a42a1,NV export,batch7_D00168_Colander_Bowl_Plate,https://palatialsim.github.io/palatial-nv-asset-library/?batch=batch7,original asset ID
69f20d7a59057a93105b4930,D00169 Colander Container,D00169 Ceramic Colander,True,Metadata Only,True,READY,https://library.palatial.cloud/asset/69f20d7a59057a93105b4930,https://dashboard.palatial.cloud/viewer/d00169-colander-container-5b4930,NV export,batch7_D00169_Colander_Container,https://palatialsim.github.io/palatial-nv-asset-library/?batch=batch7,original asset ID
69fefa50f3726e6ad05cc44e,D00175 Container Bowl,D00175 Ceramic Cup,True,Metadata Only,True,READY,https://library.palatial.cloud/asset/69fefa50f3726e6ad05cc44e,https://dashboard.palatial.cloud/viewer/d00175-container-bowl-5cc44e,NV export,batch21_D00175_Container_Bowl,https://palatialsim.github.io/palatial-nv-asset-library/?batch=batch21,original asset ID
69f2236f59057a93105ca681,D00192 Cookie Jar Cup,D00192 Lidded Ceramic Cup with Saucer,True,Metadata Only,True,READY,https://library.palatial.cloud/asset/69f2236f59057a93105ca681,https://dashboard.palatial.cloud/viewer/d00192-cookie-jar-cup-5ca681,NV export,batch21_D00192_Cookie_Jar_Cup,https://palatialsim.github.io/palatial-nv-asset-library/?batch=batch21,original asset ID
69f2265559057a93105cf568,D00208 Cookware Bowl,D00208 Stainless Steel Saucepan,True,Metadata Only,True,READY,https://library.palatial.cloud/asset/69f2265559057a93105cf568,https://dashboard.palatial.cloud/viewer/d00208-cookware-bowl-5cf568,NV export,batch15_D00208_Cookware_Bowl,https://palatialsim.github.io/palatial-nv-asset-library/?batch=batch15,original asset ID
69f2296259057a93105d480d,D00223 Cup Bowl,D00223 Ceramic Cup,True,Metadata Only,True,READY,https://library.palatial.cloud/asset/69f2296259057a93105d480d,https://dashboard.palatial.cloud/viewer/d00223-cup-bowl-5d480d,NV export,batch7_D00223_Cup_Bowl,https://palatialsim.github.io/palatial-nv-asset-library/?batch=batch7,original asset ID
69f22ba859057a93105d8387,D00228 Cup Glass,D00228 Ceramic Coffee Cup,True,Metadata Only,True,READY,https://library.palatial.cloud/asset/69f22ba859057a93105d8387,https://dashboard.palatial.cloud/viewer/d00228-cup-glass-5d8387,Original Library,,,no confirmed NV mapping
69f22bd359057a93105d8b12,D00230 Cup Jar,D00230 Ceramic Storage Jar,True,Metadata Only,True,READY,https://library.palatial.cloud/asset/69f22bd359057a93105d8b12,https://dashboard.palatial.cloud/viewer/d00230-cup-jar-5d8b12,Original Library,,,no confirmed NV mapping
69f22bd659057a93105d8b74,D00231 Cup Kettle,D00231 Stovetop Kettle,True,Metadata Only,True,READY,https://library.palatial.cloud/asset/69f22bd659057a93105d8b74,https://dashboard.palatial.cloud/viewer/d00231-cup-kettle-5d8b74,NV export,batch7_D00231_Cup_Kettle,https://palatialsim.github.io/palatial-nv-asset-library/?batch=batch7,original asset ID
69f22cbe59057a93105d9f18,D00234 Cup Mug Bowl,D00234 Ceramic Teacup,True,Metadata Only,True,READY,https://library.palatial.cloud/asset/69f22cbe59057a93105d9f18,https://dashboard.palatial.cloud/viewer/d00234-cup-mug-bowl-5d9f18,Original Library,,,no confirmed NV mapping
69f22d2e59057a93105daf19,D00236 Cup Pot,D00236 Cast Iron Dutch Oven,True,Metadata Only,True,READY,https://library.palatial.cloud/asset/69f22d2e59057a93105daf19,https://dashboard.palatial.cloud/viewer/d00236-cup-pot-5daf19,NV export,batch9_D00236_Cup_Pot,https://palatialsim.github.io/palatial-nv-asset-library/?batch=batch9,original asset ID
69f22e2b59057a93105dc74b,D00238 Cup Spoon,D00238 One-Cup Measuring Cup,True,Metadata Only,True,READY,https://library.palatial.cloud/asset/69f22e2b59057a93105dc74b,https://dashboard.palatial.cloud/viewer/d00238-cup-spoon-5dc74b,Original Library,,,no confirmed NV mapping
69f2325a59057a93105e5212,D00255 Cutting Board Place,D00255 Wooden Butcher-Block Cutting Board,True,Metadata Only,True,READY,https://library.palatial.cloud/asset/69f2325a59057a93105e5212,https://dashboard.palatial.cloud/viewer/d00255-cutting-board-place-5e5212,NV export,batch15_D00255_Cutting_Board_Place,https://palatialsim.github.io/palatial-nv-asset-library/?batch=batch15,original asset ID
69f2328159057a93105e57df,D00256 Cutting Board Plate,D00256 End-Grain Cutting Board,True,Metadata Only,True,READY,https://library.palatial.cloud/asset/69f2328159057a93105e57df,https://dashboard.palatial.cloud/viewer/d00256-cutting-board-plate-5e57df,NV export,batch15_D00256_Cutting_Board_Plate,https://palatialsim.github.io/palatial-nv-asset-library/?batch=batch15,original asset ID
69f235b759057a93105eb970,D00264 Decorative Plate Chopping Board,D00264 Oval Wooden Board,True,Metadata Only,True,READY,https://library.palatial.cloud/asset/69f235b759057a93105eb970,https://dashboard.palatial.cloud/viewer/d00264-decorative-plate-chopping-board-5eb970,NV export,batch7_D00264_Decorative_Plate_Chopping_Board,https://palatialsim.github.io/palatial-nv-asset-library/?batch=batch7,original asset ID
69f82176d09344200f149621,D00265 Decorativeur,D00265 Ceramic Canister with Wooden Lid,True,Metadata Only,True,READY,https://library.palatial.cloud/asset/69f82176d09344200f149621,https://dashboard.palatial.cloud/viewer/d00265-decorativeur-149621,Original Library,,,no confirmed NV mapping
69f236f059057a93105edd94,D00269 Dish Bowl,D00269 Ceramic Serving Bowl,True,Metadata Only,True,READY,https://library.palatial.cloud/asset/69f236f059057a93105edd94,https://dashboard.palatial.cloud/viewer/d00269-dish-bowl-5edd94,Original Library,,,no confirmed NV mapping
69f236f259057a93105ede00,D00270 Dish Bowl Plate,D00270 Small Ceramic Bowl,True,Metadata Only,True,READY,https://library.palatial.cloud/asset/69f236f259057a93105ede00,https://dashboard.palatial.cloud/viewer/d00270-dish-bowl-plate-5ede00,NV export,batch3_D00270_Dish_Bowl_Plate,https://palatialsim.github.io/palatial-nv-asset-library/?batch=batch3,original asset ID
69f2373c59057a93105ee901,D00271 Dish Frying Pan,D00271 Nonstick Frying Pan,True,Metadata Only,True,READY,https://library.palatial.cloud/asset/69f2373c59057a93105ee901,https://dashboard.palatial.cloud/viewer/d00271-dish-frying-pan-5ee901,NV export,batch15_D00271_Dish_Frying_Pan,https://palatialsim.github.io/palatial-nv-asset-library/?batch=batch15,original asset ID
69f8223ed09344200f15390e,D00285 Dump,D00285 Toy Dump Truck,True,Metadata Only,True,READY,https://library.palatial.cloud/asset/69f8223ed09344200f15390e,https://dashboard.palatial.cloud/viewer/d00285-dump-15390e,Original Library,,,no confirmed NV mapping
69f8244dd09344200f16ee33,D00293 Ensil,D00293 Dinner Fork,True,Metadata Only,True,READY,https://library.palatial.cloud/asset/69f8244dd09344200f16ee33,https://dashboard.palatial.cloud/viewer/d00293-ensil-16ee33,NV export,batch7_D00293_Ensil,https://palatialsim.github.io/palatial-nv-asset-library/?batch=batch7,original asset ID
69f82450d09344200f16eeba,D00295 Er,D00295 Egg Slicer,True,Metadata Only,True,READY,https://library.palatial.cloud/asset/69f82450d09344200f16eeba,https://dashboard.palatial.cloud/viewer/d00295-er-16eeba,Original Library,,,no confirmed NV mapping
69f824c1d09344200f1746ba,D00296 Err,D00296 Stapler,True,Metadata Only,True,READY,https://library.palatial.cloud/asset/69f824c1d09344200f1746ba,https://dashboard.palatial.cloud/viewer/d00296-err-1746ba,Original Library,,,no confirmed NV mapping
69f23e1b59057a93105fa93b,D00298 Espresso Cups Bowl,D00298 Small Ceramic Bowl,True,Metadata Only,True,READY,https://library.palatial.cloud/asset/69f23e1b59057a93105fa93b,https://dashboard.palatial.cloud/viewer/d00298-espresso-cups-bowl-5fa93b,NV export,batch31_D00298_Espresso_Cups_Bowl,https://palatialsim.github.io/palatial-nv-asset-library/?batch=batch31,original asset ID
69f2422b59057a93106021c6,D00304 Flour Tray,D00304 White Ceramic Baking Dish,True,Metadata Only,True,READY,https://library.palatial.cloud/asset/69f2422b59057a93106021c6,https://dashboard.palatial.cloud/viewer/d00304-flour-tray-6021c6,NV export,batch10_D00304_Flour_Tray,https://palatialsim.github.io/palatial-nv-asset-library/?batch=batch10,original asset ID
69f2427d59057a9310602c23,D00307 Flower Pot,D00307 Potted Seedlings in Terracotta Pot,True,Metadata Only,True,READY,https://library.palatial.cloud/asset/69f2427d59057a9310602c23,https://dashboard.palatial.cloud/viewer/d00307-flower-pot-602c23,Original Library,,,no confirmed NV mapping
69f82514d09344200f178c97,D00309 Food,D00309 Croissant,True,Metadata Only,True,READY,https://library.palatial.cloud/asset/69f82514d09344200f178c97,https://dashboard.palatial.cloud/viewer/d00309-food-178c97,NV export,batch7_D00309_Food,https://palatialsim.github.io/palatial-nv-asset-library/?batch=batch7,original asset ID
69f5b5e9431507ff7cec7072,D00328 Frying Pan Cooking Pot,D00328 Stainless Steel Sauté Pan with Lid,True,Metadata Only,True,READY,https://library.palatial.cloud/asset/69f5b5e9431507ff7cec7072,https://dashboard.palatial.cloud/viewer/d00328-frying-pan-cooking-pot-ec7072,Original Library,,,no confirmed NV mapping
69f5b5ed431507ff7cec70ca,D00329 Frying Pan Pot,D00329 Nonstick Frying Pan,True,Metadata Only,True,READY,https://library.palatial.cloud/asset/69f5b5ed431507ff7cec70ca,https://dashboard.palatial.cloud/viewer/d00329-frying-pan-pot-ec70ca,NV export,batch4_D00329_Frying_Pan_Pot,https://palatialsim.github.io/palatial-nv-asset-library/?batch=batch4,original asset ID
69f5b5f0431507ff7cec712b,D00330 Frying Pan Saucepan,D00330 Stainless Steel Frying Pan,True,Metadata Only,True,READY,https://library.palatial.cloud/asset/69f5b5f0431507ff7cec712b,https://dashboard.palatial.cloud/viewer/d00330-frying-pan-saucepan-ec712b,NV export,batch7_D00330_Frying_Pan_Saucepan,https://palatialsim.github.io/palatial-nv-asset-library/?batch=batch7,original asset ID
69f5be19431507ff7cef3d93,D00361 Glasses,D00361 Ceramic Tumbler,True,Metadata Only,True,READY,https://library.palatial.cloud/asset/69f5be19431507ff7cef3d93,https://dashboard.palatial.cloud/viewer/d00361-glasses-ef3d93,Original Library,,,no confirmed NV mapping
69f5bed6431507ff7cef84b2,D00364 Grapefruit Avoca,D00364 Green Citrus Fruit,True,Metadata Only,True,READY,https://library.palatial.cloud/asset/69f5bed6431507ff7cef84b2,https://dashboard.palatial.cloud/viewer/d00364-grapefruit-avoca-ef84b2,NV export,batch3_D00364_Grapefruit_Avoca,https://palatialsim.github.io/palatial-nv-asset-library/?batch=batch3,original asset ID
69f828a3d09344200f1a6d63,D00379 His,D00379 Utility Cart,True,Metadata Only,True,READY,https://library.palatial.cloud/asset/69f828a3d09344200f1a6d63,https://dashboard.palatial.cloud/viewer/d00379-his-1a6d63,Original Library,,,no confirmed NV mapping
69f828cbd09344200f1a8d7e,D00380 His Spoon,D00380 Dessert Spoon,True,Metadata Only,True,READY,https://library.palatial.cloud/asset/69f828cbd09344200f1a8d7e,https://dashboard.palatial.cloud/viewer/d00380-his-spoon-1a8d7e,Original Library,,,no confirmed NV mapping
69f82a92d09344200f1bfa76,D00386 Ils,D00386 Plug-In Light Fixture,True,Metadata Only,True,READY,https://library.palatial.cloud/asset/69f82a92d09344200f1bfa76,https://dashboard.palatial.cloud/viewer/d00386-ils-1bfa76,Original Library,,,no confirmed NV mapping
69f82b2fd09344200f1c6f63,D00388 Ing Pan,D00388 Cast Iron Grill Pan,True,Metadata Only,True,READY,https://library.palatial.cloud/asset/69f82b2fd09344200f1c6f63,https://dashboard.palatial.cloud/viewer/d00388-ing-pan-1c6f63,Original Library,,,no confirmed NV mapping
69f82b32d09344200f1c6ff7,D00389 Ing Pan Bowl,D00389 Stainless Steel Sauté Pan,True,Metadata Only,True,READY,https://library.palatial.cloud/asset/69f82b32d09344200f1c6ff7,https://dashboard.palatial.cloud/viewer/d00389-ing-pan-bowl-1c6ff7,Original Library,,,no confirmed NV mapping
69f82b7ed09344200f1cab05,D00390 Ing Pan Cooking Pot,D00390 Stainless Steel Stockpot with Lid,True,Metadata Only,True,READY,https://library.palatial.cloud/asset/69f82b7ed09344200f1cab05,https://dashboard.palatial.cloud/viewer/d00390-ing-pan-cooking-pot-1cab05,Original Library,,,no confirmed NV mapping
69f82bcdd09344200f1ce5f6,D00391 Ing Pan Pot,D00391 Carbon Steel Wok,True,Metadata Only,True,READY,https://library.palatial.cloud/asset/69f82bcdd09344200f1ce5f6,https://dashboard.palatial.cloud/viewer/d00391-ing-pan-pot-1ce5f6,NV export,batch16_D00391_Ing_Pan_Pot,https://palatialsim.github.io/palatial-nv-asset-library/?batch=batch16,original asset ID
69f82bfad09344200f1d03dd,D00393 Ister Jar,D00393 Ceramic Canister,True,Metadata Only,True,READY,https://library.palatial.cloud/asset/69f82bfad09344200f1d03dd,https://dashboard.palatial.cloud/viewer/d00393-ister-jar-1d03dd,Original Library,,,no confirmed NV mapping
69f5c525431507ff7cf1b015,D00397 Jar Can Container,D00397 Ceramic Canister with Wooden Lid,True,Metadata Only,True,READY,https://library.palatial.cloud/asset/69f5c525431507ff7cf1b015,https://dashboard.palatial.cloud/viewer/d00397-jar-can-container-f1b015,Original Library,,,no confirmed NV mapping
69f5c5be431507ff7cf1e4c9,D00400 Jar Cup,D00400 Lidded Ceramic Mug,True,Metadata Only,True,READY,https://library.palatial.cloud/asset/69f5c5be431507ff7cf1e4c9,https://dashboard.palatial.cloud/viewer/d00400-jar-cup-f1e4c9,Original Library,,,no confirmed NV mapping
69f5c67e431507ff7cf21b2f,D00404 Jar Juice,D00404 Glass Preserve Jar,True,Metadata Only,True,READY,https://library.palatial.cloud/asset/69f5c67e431507ff7cf21b2f,https://dashboard.palatial.cloud/viewer/d00404-jar-juice-f21b2f,NV export,batch14_D00404_Jar_Juice,https://palatialsim.github.io/palatial-nv-asset-library/?batch=batch14,original asset ID
69f5c9d7431507ff7cf34247,D00414 Jar Teapot,D00414 Cast-Iron Camp Kettle,True,Metadata Only,True,READY,https://library.palatial.cloud/asset/69f5c9d7431507ff7cf34247,https://dashboard.palatial.cloud/viewer/d00414-jar-teapot-f34247,Original Library,,,no confirmed NV mapping
69f83100d09344200f2163e7,D00424 K,D00424 Decorative Letter K,True,Metadata Only,True,READY,https://library.palatial.cloud/asset/69f83100d09344200f2163e7,https://dashboard.palatial.cloud/viewer/d00424-k-2163e7,NV export,batch7_D00424_K,https://palatialsim.github.io/palatial-nv-asset-library/?batch=batch7,original asset ID
69f831b0d09344200f21f6ea,D00425 K Plant,D00425 Botanical Letter K Figurine,True,Metadata Only,True,READY,https://library.palatial.cloud/asset/69f831b0d09344200f21f6ea,https://dashboard.palatial.cloud/viewer/d00425-k-plant-21f6ea,NV export,batch6_D00425_K_Plant,https://palatialsim.github.io/palatial-nv-asset-library/?batch=batch6,original asset ID
69f5cd07431507ff7cf4501a,D00426 Kettle,D00426 Electric Kettle,True,Metadata Only,True,READY,https://library.palatial.cloud/asset/69f5cd07431507ff7cf4501a,https://dashboard.palatial.cloud/viewer/d00426-kettle-f4501a,Original Library,,,no confirmed NV mapping
69f5cd0a431507ff7cf450d5,D00428 Kettle Coffee Pot,D00428 Gooseneck Pour-Over Kettle,True,Metadata Only,True,READY,https://library.palatial.cloud/asset/69f5cd0a431507ff7cf450d5,https://dashboard.palatial.cloud/viewer/d00428-kettle-coffee-pot-f450d5,Original Library,,,no confirmed NV mapping
69f5cd32431507ff7cf45f1b,D00429 Kettle Cooking Pot,D00429 Enamel Stovetop Kettle,True,Metadata Only,True,READY,https://library.palatial.cloud/asset/69f5cd32431507ff7cf45f1b,https://dashboard.palatial.cloud/viewer/d00429-kettle-cooking-pot-f45f1b,Original Library,,,no confirmed NV mapping
69f5cdc8431507ff7cf49486,D00432 Kettle Pitcher,D00432 Black Metal Tea Pot,True,Metadata Only,True,READY,https://library.palatial.cloud/asset/69f5cdc8431507ff7cf49486,https://dashboard.palatial.cloud/viewer/d00432-kettle-pitcher-f49486,Original Library,,,no confirmed NV mapping
69f85a31d09344200f409fb3,D00550 Nder,D00550 Countertop Blender,True,Metadata Only,True,READY,https://library.palatial.cloud/asset/69f85a31d09344200f409fb3,https://dashboard.palatial.cloud/viewer/d00550-nder-409fb3,Original Library,,,no confirmed NV mapping
69f86702d09344200f4a509a,D00589 Par,D00589 Fixed-Blade Hunting Knife,True,Metadata Only,True,READY,https://library.palatial.cloud/asset/69f86702d09344200f4a509a,https://dashboard.palatial.cloud/viewer/d00589-par-4a509a,NV export,batch6_D00589_Par,https://palatialsim.github.io/palatial-nv-asset-library/?batch=batch6,original asset ID
69f9a3163c860d0afb49806e,D00653 Poting Pan,D00653 Nonstick Saute Pan,True,Metadata Only,True,READY,https://library.palatial.cloud/asset/69f9a3163c860d0afb49806e,https://dashboard.palatial.cloud/viewer/d00653-poting-pan-49806e,NV export,batch13_D00653_Poting_Pan,https://palatialsim.github.io/palatial-nv-asset-library/?batch=batch13,original asset ID
69f9f79b3c860d0afbb47b84,D00677 S,D00677 Skeleton Key,True,Metadata Only,True,READY,https://library.palatial.cloud/asset/69f9f79b3c860d0afbb47b84,https://dashboard.palatial.cloud/viewer/d00677-s-b47b84,Original Library,,,no confirmed NV mapping
69f653277f5104dbf2635723,D00708 Saucepan Wok,D00708 Stainless Steel Wok,True,Metadata Only,True,READY,https://library.palatial.cloud/asset/69f653277f5104dbf2635723,https://dashboard.palatial.cloud/viewer/d00708-saucepan-wok-635723,NV export,batch13_D00708_Saucepan_Wok,https://palatialsim.github.io/palatial-nv-asset-library/?batch=batch13,original asset ID
69fddca38102b48e9a21013e,D00721 Servingula,D00721 Copper Ladle,True,Metadata Only,True,READY,https://library.palatial.cloud/asset/69fddca38102b48e9a21013e,https://dashboard.palatial.cloud/viewer/d00721-servingula-21013e,NV export,batch3_D00721_Servingula,https://palatialsim.github.io/palatial-nv-asset-library/?batch=batch3,original asset ID
69fde31e8102b48e9a31ec92,D00749 Spat Spoon,D00749 Wood-Handled Serving Spoon,True,Metadata Only,True,READY,https://library.palatial.cloud/asset/69fde31e8102b48e9a31ec92,https://dashboard.palatial.cloud/viewer/d00749-spat-spoon-31ec92,NV export,batch3_D00749_Spat_Spoon,https://palatialsim.github.io/palatial-nv-asset-library/?batch=batch3,original asset ID
69f65c937f5104dbf26ad8b5,D00752 Spatula Ladle,D00752 Stainless Steel Ladle,True,Metadata Only,True,READY,https://library.palatial.cloud/asset/69f65c937f5104dbf26ad8b5,https://dashboard.palatial.cloud/viewer/d00752-spatula-ladle-6ad8b5,NV export,batch5_D00752_Spatula_Ladle,https://palatialsim.github.io/palatial-nv-asset-library/?batch=batch5,original asset ID
69fde3df8102b48e9a33da3a,D00756 Spatulale,D00756 Slotted Spatula,True,Metadata Only,True,READY,https://library.palatial.cloud/asset/69fde3df8102b48e9a33da3a,https://dashboard.palatial.cloud/viewer/d00756-spatulale-33da3a,NV export,batch2_D00756_Spatulale,https://palatialsim.github.io/palatial-nv-asset-library/?batch=batch2,original asset ID
69f65d9d7f5104dbf26c18c2,D00757 Spice,D00757 Whole Spice Seed,True,Metadata Only,True,READY,https://library.palatial.cloud/asset/69f65d9d7f5104dbf26c18c2,https://dashboard.palatial.cloud/viewer/d00757-spice-6c18c2,NV export,batch4_D00757_Spice,https://palatialsim.github.io/palatial-nv-asset-library/?batch=batch4,original asset ID
69f6673e7f5104dbf275f00c,D00782 Spoon Rest Saucepan,D00782 Small Saucepan,True,Metadata Only,True,READY,https://library.palatial.cloud/asset/69f6673e7f5104dbf275f00c,https://dashboard.palatial.cloud/viewer/d00782-spoon-rest-saucepan-75f00c,Original Library,,,no confirmed NV mapping
69fde40a8102b48e9a345380,D00785 Spoon W,D00785 Silver Dessert Spoon,True,Metadata Only,True,READY,https://library.palatial.cloud/asset/69fde40a8102b48e9a345380,https://dashboard.palatial.cloud/viewer/d00785-spoon-w-345380,NV export,batch3_D00785_Spoon_W,https://palatialsim.github.io/palatial-nv-asset-library/?batch=batch3,original asset ID
69fde5af8102b48e9a38b14c,D00787 Spoon Wk,D00787 Black Dessert Spoon,True,Metadata Only,True,READY,https://library.palatial.cloud/asset/69fde5af8102b48e9a38b14c,https://dashboard.palatial.cloud/viewer/d00787-spoon-wk-38b14c,NV export,batch3_D00787_Spoon_Wk,https://palatialsim.github.io/palatial-nv-asset-library/?batch=batch3,original asset ID
69fde6038102b48e9a398178,D00789 Spoonens,D00789 Carved Wooden Spoon,True,Metadata Only,True,READY,https://library.palatial.cloud/asset/69fde6038102b48e9a398178,https://dashboard.palatial.cloud/viewer/d00789-spoonens-398178,Original Library,,,no confirmed NV mapping
69fde6eb8102b48e9a3bb6e3,D00790 Spooner,D00790 Ceramic Spoon Rest,True,Metadata Only,True,READY,https://library.palatial.cloud/asset/69fde6eb8102b48e9a3bb6e3,https://dashboard.palatial.cloud/viewer/d00790-spooner-3bb6e3,NV export,batch3_D00790_Spooner,https://palatialsim.github.io/palatial-nv-asset-library/?batch=batch3,original asset ID
69f67f9c7f5104dbf28b3099,D00828 Strain,D00828 Ceramic Strainer Cup,True,Metadata Only,True,READY,https://library.palatial.cloud/asset/69f67f9c7f5104dbf28b3099,https://dashboard.palatial.cloud/viewer/d00828-strain-8b3099,Original Library,,,no confirmed NV mapping
69f68b257f5104dbf2953aed,D00839 Sugar Jar Spice,D00839 Stoneware Salt Crock with Scoop,True,Metadata Only,True,READY,https://library.palatial.cloud/asset/69f68b257f5104dbf2953aed,https://dashboard.palatial.cloud/viewer/d00839-sugar-jar-spice-953aed,NV export,batch4_D00839_Sugar_Jar_Spice,https://palatialsim.github.io/palatial-nv-asset-library/?batch=batch4,original asset ID
69f69e287f5104dbf2a66c56,D00856 Teacup Kettle,D00856 Stainless Steel Teapot,True,Metadata Only,True,READY,https://library.palatial.cloud/asset/69f69e287f5104dbf2a66c56,https://dashboard.palatial.cloud/viewer/d00856-teacup-kettle-a66c56,Original Library,,,no confirmed NV mapping
69f69fa17f5104dbf2a7d105,D00858 Teapot Kettle,D00858 Stovetop Tea Kettle,True,Metadata Only,True,READY,https://library.palatial.cloud/asset/69f69fa17f5104dbf2a7d105,https://dashboard.palatial.cloud/viewer/d00858-teapot-kettle-a7d105,Original Library,,,no confirmed NV mapping
69f6abec7f5104dbf2b345ba,D00872 Tomato Yellow Bell,D00872 Yellow Bell Pepper,True,Metadata Only,True,READY,https://library.palatial.cloud/asset/69f6abec7f5104dbf2b345ba,https://dashboard.palatial.cloud/viewer/d00872-tomato-yellow-bell-b345ba,Original Library,,,no confirmed NV mapping
69fde9b58102b48e9a427474,D00874 Tool,D00874 Offset Icing Spatula,True,Metadata Only,True,READY,https://library.palatial.cloud/asset/69fde9b58102b48e9a427474,https://dashboard.palatial.cloud/viewer/d00874-tool-427474,NV export,batch9_D00874_Tool,https://palatialsim.github.io/palatial-nv-asset-library/?batch=batch9,original asset ID
69fde9b88102b48e9a428efb,D00875 Tool Util,D00875 Utility Knife,True,Metadata Only,True,READY,https://library.palatial.cloud/asset/69fde9b88102b48e9a428efb,https://dashboard.palatial.cloud/viewer/d00875-tool-util-428efb,Original Library,,,no confirmed NV mapping
69f6b9137f5104dbf2c008e5,D00882 Tray Bowl,D00882 White Ceramic Serving Bowl,True,Metadata Only,True,READY,https://library.palatial.cloud/asset/69f6b9137f5104dbf2c008e5,https://dashboard.palatial.cloud/viewer/d00882-tray-bowl-c008e5,NV export,batch10_D00882_Tray_Bowl,https://palatialsim.github.io/palatial-nv-asset-library/?batch=batch10,original asset ID
69f6b9887f5104dbf2c07969,D00885 Tray Plate Platter,D00885 Rectangular Ceramic Serving Platter,True,Metadata Only,True,READY,https://library.palatial.cloud/asset/69f6b9887f5104dbf2c07969,https://dashboard.palatial.cloud/viewer/d00885-tray-plate-platter-c07969,Original Library,,,no confirmed NV mapping
69fdeb5e8102b48e9a46aacf,D00890 Ut,D00890 Flatware Set,True,Metadata Only,True,READY,https://library.palatial.cloud/asset/69fdeb5e8102b48e9a46aacf,https://dashboard.palatial.cloud/viewer/d00890-ut-46aacf,Original Library,,,no confirmed NV mapping
69fdebff8102b48e9a483cde,D00892 Utens,D00892 Fork and Knife Set,True,Metadata Only,True,READY,https://library.palatial.cloud/asset/69fdebff8102b48e9a483cde,https://dashboard.palatial.cloud/viewer/d00892-utens-483cde,Original Library,,,no confirmed NV mapping
69f6c8fe7f5104dbf2cfbc93,D00904 Vegetable Bowl,D00904 White Ceramic Serving Bowl,True,Metadata Only,True,READY,https://library.palatial.cloud/asset/69f6c8fe7f5104dbf2cfbc93,https://dashboard.palatial.cloud/viewer/d00904-vegetable-bowl-cfbc93,NV export,batch4_D00904_Vegetable_Bowl,https://palatialsim.github.io/palatial-nv-asset-library/?batch=batch4,original asset ID
69f6d0027f5104dbf2d698d6,D00909 Vinegar Dienser Spice Jar,D00909 Small Capped Bottle,True,Metadata Only,True,READY,https://library.palatial.cloud/asset/69f6d0027f5104dbf2d698d6,https://dashboard.palatial.cloud/viewer/d00909-vinegar-dienser-spice-jar-d698d6,Original Library,,,no confirmed NV mapping
69fdeed38102b48e9a4f4a45,D00911 W,D00911 Decorative Wooden Letter W,True,Metadata Only,True,READY,https://library.palatial.cloud/asset/69fdeed38102b48e9a4f4a45,https://dashboard.palatial.cloud/viewer/d00911-w-4f4a45,NV export,batch9_D00911_W,https://palatialsim.github.io/palatial-nv-asset-library/?batch=batch9,original asset ID
69fdef928102b48e9a5107e9,D00912 W Wooden Spoon,D00912 Wooden Cooking Spoon,True,Metadata Only,True,READY,https://library.palatial.cloud/asset/69fdef928102b48e9a5107e9,https://dashboard.palatial.cloud/viewer/d00912-w-wooden-spoon-5107e9,NV export,batch9_D00912_W_Wooden_Spoon,https://palatialsim.github.io/palatial-nv-asset-library/?batch=batch9,original asset ID
69fdefbd8102b48e9a517c0e,D00914 Ware Kitchen,D00914 Manual Citrus Press,True,Metadata Only,True,READY,https://library.palatial.cloud/asset/69fdefbd8102b48e9a517c0e,https://dashboard.palatial.cloud/viewer/d00914-ware-kitchen-517c0e,Original Library,,,no confirmed NV mapping
69fdf0808102b48e9a534ffe,D00915 Ware Whisk,D00915 Balloon Whisk,True,Metadata Only,True,READY,https://library.palatial.cloud/asset/69fdf0808102b48e9a534ffe,https://dashboard.palatial.cloud/viewer/d00915-ware-whisk-534ffe,NV export,batch2_D00915_Ware_Whisk,https://palatialsim.github.io/palatial-nv-asset-library/?batch=batch2,original asset ID
69fdf0828102b48e9a53505c,D00922 Whis,D00922 Stainless Steel Balloon Whisk,True,Metadata Only,True,READY,https://library.palatial.cloud/asset/69fdf0828102b48e9a53505c,https://dashboard.palatial.cloud/viewer/d00922-whis-53505c,Original Library,,,no confirmed NV mapping
69fdf0fa8102b48e9a54934b,D00923 Whis Wooden Spoon,D00923 Wooden Cooking Spoon,True,Metadata Only,True,READY,https://library.palatial.cloud/asset/69fdf0fa8102b48e9a54934b,https://dashboard.palatial.cloud/viewer/d00923-whis-wooden-spoon-54934b,NV export,batch3_D00923_Whis_Wooden_Spoon,https://palatialsim.github.io/palatial-nv-asset-library/?batch=batch3,original asset ID
69f705017f5104dbf20a9fb2,D00928 Whisk Spoon,D00928 Balloon Whisk,True,Metadata Only,True,READY,https://library.palatial.cloud/asset/69f705017f5104dbf20a9fb2,https://dashboard.palatial.cloud/viewer/d00928-whisk-spoon-0a9fb2,Original Library,,,no confirmed NV mapping
69fdf0fd8102b48e9a54938b,D00944 Wo,D00944 Wooden Ox Yoke,True,Metadata Only,True,READY,https://library.palatial.cloud/asset/69fdf0fd8102b48e9a54938b,https://dashboard.palatial.cloud/viewer/d00944-wo-54938b,NV export,batch2_D00944_Wo,https://palatialsim.github.io/palatial-nv-asset-library/?batch=batch2,original asset ID
69f72bc47f5104dbf232934c,D00946 Wok Bowl,D00946 Cast-Iron Wok,True,Metadata Only,True,READY,https://library.palatial.cloud/asset/69f72bc47f5104dbf232934c,https://dashboard.palatial.cloud/viewer/d00946-wok-bowl-32934c,NV export,batch9_D00946_Wok_Bowl,https://palatialsim.github.io/palatial-nv-asset-library/?batch=batch9,original asset ID
69f7302a7f5104dbf237438c,D00948 Wok Pot,D00948 Stainless Steel Wok,True,Metadata Only,True,READY,https://library.palatial.cloud/asset/69f7302a7f5104dbf237438c,https://dashboard.palatial.cloud/viewer/d00948-wok-pot-37438c,NV export,batch10_D00948_Wok_Pot,https://palatialsim.github.io/palatial-nv-asset-library/?batch=batch10,original asset ID
69fdf1e78102b48e9a56ddbf,D00949 Wooden,D00949 Articulated Wooden Horse Figure,True,Metadata Only,True,READY,https://library.palatial.cloud/asset/69fdf1e78102b48e9a56ddbf,https://dashboard.palatial.cloud/viewer/d00949-wooden-56ddbf,NV export,batch3_D00949_Wooden,https://palatialsim.github.io/palatial-nv-asset-library/?batch=batch3,original asset ID
69f766977f5104dbf271856c,D00963 Wooden Lid Cutting Board,D00963 Bamboo Cutting Board,True,Metadata Only,True,READY,https://library.palatial.cloud/asset/69f766977f5104dbf271856c,https://dashboard.palatial.cloud/viewer/d00963-wooden-lid-cutting-board-71856c,NV export,batch3_D00963_Wooden_Lid_Cutting_Board,https://palatialsim.github.io/palatial-nv-asset-library/?batch=batch3,original asset ID
69f76e777f5104dbf27a2be1,D00965 Wooden Pedestal,D00965 Round Wooden Stool,True,Metadata Only,True,READY,https://library.palatial.cloud/asset/69f76e777f5104dbf27a2be1,https://dashboard.palatial.cloud/viewer/d00965-wooden-pedestal-7a2be1,Original Library,,,no confirmed NV mapping
69f776067f5104dbf2828e9b,D00966 Wooden Pedestal Cutting Board,D00966 Wooden Pedestal Cake Stand,True,Metadata Only,True,READY,https://library.palatial.cloud/asset/69f776067f5104dbf2828e9b,https://dashboard.palatial.cloud/viewer/d00966-wooden-pedestal-cutting-board-828e9b,Original Library,,,no confirmed NV mapping
69f790a87f5104dbf2a09791,D00974 Wooden Spatula Spoon,D00974 Wooden Cooking Spoon,True,Metadata Only,True,READY,https://library.palatial.cloud/asset/69f790a87f5104dbf2a09791,https://dashboard.palatial.cloud/viewer/d00974-wooden-spatula-spoon-a09791,NV export,batch10_D00974_Wooden_Spatula_Spoon,https://palatialsim.github.io/palatial-nv-asset-library/?batch=batch10,original asset ID
69f792ec7f5104dbf2a327aa,D00977 Wooden Spoon Knife,D00977 Wooden Spoon with Serrated Edge,True,Metadata Only,True,READY,https://library.palatial.cloud/asset/69f792ec7f5104dbf2a327aa,https://dashboard.palatial.cloud/viewer/d00977-wooden-spoon-knife-a327aa,Original Library,,,no confirmed NV mapping
69f79609d09344200fedd980,D00978 Wooden Spoon Ladle,D00978 Wooden Ladle,True,Metadata Only,True,READY,https://library.palatial.cloud/asset/69f79609d09344200fedd980,https://dashboard.palatial.cloud/viewer/d00978-wooden-spoon-ladle-edd980,NV export,batch14_D00978_Wooden_Spoon_Ladle,https://palatialsim.github.io/palatial-nv-asset-library/?batch=batch14,original asset ID
69f79884d09344200ff1dde7,D00979 Wooden Spoon Rest,D00979 Oval Wooden Serving Tray,True,Metadata Only,True,READY,https://library.palatial.cloud/asset/69f79884d09344200ff1dde7,https://dashboard.palatial.cloud/viewer/d00979-wooden-spoon-rest-f1dde7,NV export,batch14_D00979_Wooden_Spoon_Rest,https://palatialsim.github.io/palatial-nv-asset-library/?batch=batch14,original asset ID
69f798b1d09344200ff22e46,D00980 Wooden Spoon Rolling Pin,D00980 Wooden Rolling Pin,True,Metadata Only,True,READY,https://library.palatial.cloud/asset/69f798b1d09344200ff22e46,https://dashboard.palatial.cloud/viewer/d00980-wooden-spoon-rolling-pin-f22e46,NV export,batch14_D00980_Wooden_Spoon_Rolling_Pin,https://palatialsim.github.io/palatial-nv-asset-library/?batch=batch14,original asset ID
69fdf2108102b48e9a57370c,D00982 Wooden Spoon W,D00982 Wooden Cooking Spoon,True,Metadata Only,True,READY,https://library.palatial.cloud/asset/69fdf2108102b48e9a57370c,https://dashboard.palatial.cloud/viewer/d00982-wooden-spoon-w-57370c,NV export,batch3_D00982_Wooden_Spoon_W,https://palatialsim.github.io/palatial-nv-asset-library/?batch=batch3,original asset ID
69f1f3a959057a9310590124,Image to Sim-Ready Pipeline,Hardcover Story Book,True,Metadata Only,True,READY,https://library.palatial.cloud/asset/69f1f3a959057a9310590124,https://dashboard.palatial.cloud/viewer/image-to-sim-ready-pipeline-590124,Original Library,,,no confirmed NV mapping
6ab41990dbaa729684d06b93,Juicer,Masticating Juicer,True,Metadata Only,True,READY,https://library.palatial.cloud/asset/6ab41990dbaa729684d06b93,https://dashboard.palatial.cloud/viewer/juicer-d06b93,NV export,batch35_D00423_Juicer,https://palatialsim.github.io/palatial-nv-asset-library/?batch=batch35,verified package content
69e71fa67d5208d3e78c7815,N00028 Bumper Rail 100cm Straight,N00028 Wall Bumper Rail 100cm,True,Metadata Only,True,READY,https://library.palatial.cloud/asset/69e71fa67d5208d3e78c7815,https://dashboard.palatial.cloud/viewer/n00028-bumper-rail-100cm-straight-8c7815,Original Library,,,no confirmed NV mapping
69e741467d5208d3e7919cf7,N00215 Hospitalsing Board,N00215 Hospital Wayfinding Sign,True,Metadata Only,True,READY,https://library.palatial.cloud/asset/69e741467d5208d3e7919cf7,https://dashboard.palatial.cloud/viewer/n00215-hospitalsing-board-919cf7,Original Library,,,no confirmed NV mapping
69e7344c7d5208d3e78f60ec,N00221 Hospitalsingside Wall,N00221 Hospital Sign - Baby Changing Room,True,Metadata Only,True,READY,https://library.palatial.cloud/asset/69e7344c7d5208d3e78f60ec,https://dashboard.palatial.cloud/viewer/n00221-hospitalsingside-wall-8f60ec,Original Library,,,no confirmed NV mapping
69e721f67d5208d3e78cd3e2,N00222 Hospitalsingside Wall,N00222 Hospital Sign - ELEVATOR,True,Metadata Only,True,READY,https://library.palatial.cloud/asset/69e721f67d5208d3e78cd3e2,https://dashboard.palatial.cloud/viewer/n00222-hospitalsingside-wall-8cd3e2,Original Library,,,no confirmed NV mapping
69e71fa37d5208d3e78c77a7,N00223 Hospital Single Side Wall,N00223 Hospital Sign - EXIT,True,Metadata Only,True,READY,https://library.palatial.cloud/asset/69e71fa37d5208d3e78c77a7,https://dashboard.palatial.cloud/viewer/n00223-hospital-single-side-wall-8c77a7,Original Library,,,no confirmed NV mapping
69e71cd77d5208d3e78c02b5,N00224 Hospitalsingside Wall,N00224 Hospital Sign - TOILET,True,Metadata Only,True,READY,https://library.palatial.cloud/asset/69e71cd77d5208d3e78c02b5,https://dashboard.palatial.cloud/viewer/n00224-hospitalsingside-wall-8c02b5,Original Library,,,no confirmed NV mapping
69e720b37d5208d3e78c9fab,N00225 Hospitalsingside Wall,N00225 Hospital Sign - Patient Room 10,True,Metadata Only,True,READY,https://library.palatial.cloud/asset/69e720b37d5208d3e78c9fab,https://dashboard.palatial.cloud/viewer/n00225-hospitalsingside-wall-8c9fab,Original Library,,,no confirmed NV mapping
69e726267d5208d3e78d5c1c,N00227 Hospital Sing Side Wall,N00227 Hospital Sign - Patient Room 02,True,Metadata Only,True,READY,https://library.palatial.cloud/asset/69e726267d5208d3e78d5c1c,https://dashboard.palatial.cloud/viewer/n00227-hospital-sing-side-wall-8d5c1c,Original Library,,,no confirmed NV mapping
69e739fc7d5208d3e79040e7,N00235 Hospitalsingside Wall,N00235 Hospital Sign - Baby Changing Room,True,Metadata Only,True,READY,https://library.palatial.cloud/asset/69e739fc7d5208d3e79040e7,https://dashboard.palatial.cloud/viewer/n00235-hospitalsingside-wall-9040e7,Original Library,,,no confirmed NV mapping
69e71dff7d5208d3e78c3308,N00237 Hospitalsingside Wall,N00237 Hospital Sign - TOILET,True,Metadata Only,True,READY,https://library.palatial.cloud/asset/69e71dff7d5208d3e78c3308,https://dashboard.palatial.cloud/viewer/n00237-hospitalsingside-wall-8c3308,Original Library,,,no confirmed NV mapping
69e72b7b7d5208d3e78df93e,N01060 Ramp Long,N01060 Warehouse Protective Guard (Long),True,Metadata Only,True,READY,https://library.palatial.cloud/asset/69e72b7b7d5208d3e78df93e,https://dashboard.palatial.cloud/viewer/n01060-ramp-long-8df93e,Original Library,,,no confirmed NV mapping
69e5423c0876e0e5e559a2b9,N01427 Sm Twocompartment,N01427 Metal Locker With Bench,True,Metadata Only,True,READY,https://library.palatial.cloud/asset/69e5423c0876e0e5e559a2b9,https://dashboard.palatial.cloud/viewer/n01427-sm-twocompartment-59a2b9,Original Library,,,no confirmed NV mapping
69e5171a0876e0e5e550b401,N01533 Contemporary Riseshort,N01533 Office Desk Riser (Short),True,Metadata Only,True,READY,https://library.palatial.cloud/asset/69e5171a0876e0e5e550b401,https://dashboard.palatial.cloud/viewer/n01533-contemporary-riseshort-50b401,Original Library,,,no confirmed NV mapping
69e517b30876e0e5e550db3c,N01569 Desk,N01569 X-Leg Wooden Table,True,Metadata Only,True,READY,https://library.palatial.cloud/asset/69e517b30876e0e5e550db3c,https://dashboard.palatial.cloud/viewer/n01569-desk-50db3c,Original Library,,,no confirmed NV mapping
69e518e20876e0e5e5511b1e,N01591 Modern,N01591 Reception Counter,True,Metadata Only,True,READY,https://library.palatial.cloud/asset/69e518e20876e0e5e5511b1e,https://dashboard.palatial.cloud/viewer/n01591-modern-511b1e,Original Library,,,no confirmed NV mapping
69e519970876e0e5e5513cab,N01592 Modularcurved,N01592 Curved Modular Reception Desk,True,Metadata Only,True,READY,https://library.palatial.cloud/asset/69e519970876e0e5e5513cab,https://dashboard.palatial.cloud/viewer/n01592-modularcurved-513cab,Original Library,,,no confirmed NV mapping
69e766497d5208d3e796b0d2,N01627 Seahorn,N01627 Blue Glazed Ceramic Vase,True,Metadata Only,True,READY,https://library.palatial.cloud/asset/69e766497d5208d3e796b0d2,https://dashboard.palatial.cloud/viewer/n01627-seahorn-96b0d2,Original Library,,,no confirmed NV mapping
69e51abb0876e0e5e55178d6,N01656 Steam,N01656 Conference Table With Power Trough,True,Metadata Only,True,READY,https://library.palatial.cloud/asset/69e51abb0876e0e5e55178d6,https://dashboard.palatial.cloud/viewer/n01656-steam-5178d6,Original Library,,,no confirmed NV mapping
69e7ac283db37325600170b3,N01745 Container,N01745 Plastic Stacking Tray,True,Metadata Only,True,READY,https://library.palatial.cloud/asset/69e7ac283db37325600170b3,https://dashboard.palatial.cloud/viewer/n01745-container-0170b3,Original Library,,,no confirmed NV mapping
69e7ac413db3732560017383,N01746 Container,N01746 Plastic Stacking Crate,True,Metadata Only,True,READY,https://library.palatial.cloud/asset/69e7ac413db3732560017383,https://dashboard.palatial.cloud/viewer/n01746-container-017383,Original Library,,,no confirmed NV mapping
69e50ed20876e0e5e54f8e75,N02197 Woodpalletcollar,N02197 Wooden Shipping Pallet,True,Metadata Only,True,READY,https://library.palatial.cloud/asset/69e50ed20876e0e5e54f8e75,https://dashboard.palatial.cloud/viewer/n02197-woodpalletcollar-4f8e75,Original Library,,,no confirmed NV mapping
69e50fb10876e0e5e54fa590,N02239 Industrial,N02239 Industrial Conference Table,True,Metadata Only,True,READY,https://library.palatial.cloud/asset/69e50fb10876e0e5e54fa590,https://dashboard.palatial.cloud/viewer/n02239-industrial-4fa590,Original Library,,,no confirmed NV mapping
69e761ae7d5208d3e7961f0f,N02284 Ramplong,N02284 Warehouse Protective Guard (Long),True,Metadata Only,True,READY,https://library.palatial.cloud/asset/69e761ae7d5208d3e7961f0f,https://dashboard.palatial.cloud/viewer/n02284-ramplong-961f0f,Original Library,,,no confirmed NV mapping
69e5109e0876e0e5e54fc19c,N02285 Rampshort,N02285 Warehouse Protective Guard (Short),True,Metadata Only,True,READY,https://library.palatial.cloud/asset/69e5109e0876e0e5e54fc19c,https://dashboard.palatial.cloud/viewer/n02285-rampshort-4fc19c,Original Library,,,no confirmed NV mapping
69df1fc3b3b447ed4e14ebaa,A10528 Concrete Decorative Bollard Round,A10528 Round Concrete Bollard,True,Patch Only,True,READY,https://library.palatial.cloud/asset/69df1fc3b3b447ed4e14ebaa,https://dashboard.palatial.cloud/viewer/a10528-concrete-decorative-bollard-round-14ebaa,Original Library,,,no confirmed NV mapping
69dfb03b21497c62c731721f,Cart,Children's Red Pull Wagon,True,Patch Only,True,READY,https://library.palatial.cloud/asset/69dfb03b21497c62c731721f,https://dashboard.palatial.cloud/viewer/cart-31721f,Original Library,,,no confirmed NV mapping
69e73af67d5208d3e7906b96,N00247 Disinfectant,N00247 Hand Sanitizer Bottle,True,Patch Only,True,READY,https://library.palatial.cloud/asset/69e73af67d5208d3e7906b96,https://dashboard.palatial.cloud/viewer/n00247-disinfectant-906b96,Original Library,,,no confirmed NV mapping
69e714a6518f642e4d894f66,N00345 Dilators,N00345 Olive-Tipped Surgical Dilator,True,Patch Only,True,READY,https://library.palatial.cloud/asset/69e714a6518f642e4d894f66,https://dashboard.palatial.cloud/viewer/n00345-dilators-894f66,Original Library,,,no confirmed NV mapping
69e7135c518f642e4d8912a0,N00349 Knife,N00349 Surgical Knife,True,Patch Only,True,READY,https://library.palatial.cloud/asset/69e7135c518f642e4d8912a0,https://dashboard.palatial.cloud/viewer/n00349-knife-8912a0,Original Library,,,no confirmed NV mapping
69e7153f518f642e4d896c0a,N00353 Needle 48mm,N00353 Curved Needle 48mm,True,Patch Only,True,READY,https://library.palatial.cloud/asset/69e7153f518f642e4d896c0a,https://dashboard.palatial.cloud/viewer/n00353-needle-48mm-896c0a,Original Library,,,no confirmed NV mapping
69e5fa532fb4f6a0719fd13d,N00354 Needle_A01_58mm_01,N00354 Curved Needle 58mm,True,Patch Only,True,READY,https://library.palatial.cloud/asset/69e5fa532fb4f6a0719fd13d,https://dashboard.palatial.cloud/viewer/n00354-needle-a01-58mm-01-9fd13d,Original Library,,,no confirmed NV mapping
69e72f0f7d5208d3e78e75ca,N00355 Needle 68mm,N00355 Curved Needle 68mm,True,Patch Only,True,READY,https://library.palatial.cloud/asset/69e72f0f7d5208d3e78e75ca,https://dashboard.palatial.cloud/viewer/n00355-needle-68mm-8e75ca,Original Library,,,no confirmed NV mapping
69e745ca7d5208d3e7925f7e,N00356 Needle 78mm,N00356 Curved Needle 78mm,True,Patch Only,True,READY,https://library.palatial.cloud/asset/69e745ca7d5208d3e7925f7e,https://dashboard.palatial.cloud/viewer/n00356-needle-78mm-925f7e,Original Library,,,no confirmed NV mapping
69e558370876e0e5e55caa0d,N00357 Needle 88mm,N00357 Curved Needle 88mm,True,Patch Only,True,READY,https://library.palatial.cloud/asset/69e558370876e0e5e55caa0d,https://dashboard.palatial.cloud/viewer/n00357-needle-88mm-5caa0d,Original Library,,,no confirmed NV mapping
69e73df67d5208d3e7910d86,N00368 Spoon,N00368 Surgical Curette,True,Patch Only,True,READY,https://library.palatial.cloud/asset/69e73df67d5208d3e7910d86,https://dashboard.palatial.cloud/viewer/n00368-spoon-910d86,Original Library,,,no confirmed NV mapping
69e71c6f7d5208d3e78bf3a6,N00371 Suction Instrument,N00371 Suction Instrument,False,Patch Only,True,READY,https://library.palatial.cloud/asset/69e71c6f7d5208d3e78bf3a6,https://dashboard.palatial.cloud/viewer/n00371-suction-instrument-8bf3a6,Original Library,,,no confirmed NV mapping
69e740e27d5208d3e7918b85,N00379 Bone Reugers,N00379 Bone Rongeur,True,Patch Only,True,READY,https://library.palatial.cloud/asset/69e740e27d5208d3e7918b85,https://dashboard.palatial.cloud/viewer/n00379-bone-reugers-918b85,Original Library,,,no confirmed NV mapping
69e71b737d5208d3e78bc6b5,N00380 Bonec Lamp,N00380 Bone Holding Clamp,True,Patch Only,True,READY,https://library.palatial.cloud/asset/69e71b737d5208d3e78bc6b5,https://dashboard.palatial.cloud/viewer/n00380-bonec-lamp-8bc6b5,Original Library,,,no confirmed NV mapping
69e71a1b7d5208d3e78b96d3,N00382 Bonereugersangled,N00382 Angled Bone Rongeur,True,Patch Only,True,READY,https://library.palatial.cloud/asset/69e71a1b7d5208d3e78b96d3,https://dashboard.palatial.cloud/viewer/n00382-bonereugersangled-8b96d3,Original Library,,,no confirmed NV mapping
69e743217d5208d3e791e999,N00401 Surgicalstaplercst Platform,N00401 Circular Surgical Stapler,True,Patch Only,True,READY,https://library.palatial.cloud/asset/69e743217d5208d3e791e999,https://dashboard.palatial.cloud/viewer/n00401-surgicalstaplercst-platform-91e999,Original Library,,,no confirmed NV mapping
69e5f8582fb4f6a0719fa794,N00423 Plant_E03_01,N00423 Potted Tropical Plant,True,Patch Only,True,READY,https://library.palatial.cloud/asset/69e5f8582fb4f6a0719fa794,https://dashboard.palatial.cloud/viewer/n00423-plant-e03-01-9fa794,Original Library,,,no confirmed NV mapping
69e5f8ca2fb4f6a0719fae41,N00424 Plant_F01_01,N00424 Potted Tropical Plant,True,Patch Only,True,READY,https://library.palatial.cloud/asset/69e5f8ca2fb4f6a0719fae41,https://dashboard.palatial.cloud/viewer/n00424-plant-f01-01-9fae41,Original Library,,,no confirmed NV mapping
69e72de47d5208d3e78e46ba,N00588 Sm Cleaning Bucket Iron Simready,N00588 Galvanized Metal Plant Pot,True,Patch Only,True,READY,https://library.palatial.cloud/asset/69e72de47d5208d3e78e46ba,https://dashboard.palatial.cloud/viewer/n00588-sm-cleaning-bucket-iron-simready-8e46ba,Original Library,,,no confirmed NV mapping
69e7304d7d5208d3e78eb176,N00640 Sm Measurement Ruler Speedsquare Simready,N00640 Speed Square,True,Patch Only,True,READY,https://library.palatial.cloud/asset/69e7304d7d5208d3e78eb176,https://dashboard.palatial.cloud/viewer/n00640-sm-measurement-ruler-speedsquare-simready-8eb176,Original Library,,,no confirmed NV mapping
69e72a9f7d5208d3e78ddc38,N00644 Sm Misc Boards Wooden Simready,N00644 OSB Board Offcut,True,Patch Only,True,READY,https://library.palatial.cloud/asset/69e72a9f7d5208d3e78ddc38,https://dashboard.palatial.cloud/viewer/n00644-sm-misc-boards-wooden-simready-8ddc38,Original Library,,,no confirmed NV mapping
69e72e8e7d5208d3e78e5d7f,N00646 Sm Misc Boards Wooden Simready,N00646 Paint-Stained OSB Board,True,Patch Only,True,READY,https://library.palatial.cloud/asset/69e72e8e7d5208d3e78e5d7f,https://dashboard.palatial.cloud/viewer/n00646-sm-misc-boards-wooden-simready-8e5d7f,Original Library,,,no confirmed NV mapping
69e72bdf7d5208d3e78e03eb,N00738 Sm Paint Container Jar Yellow Simready,N00738 Yellow Paint Jar,True,Patch Only,True,READY,https://library.palatial.cloud/asset/69e72bdf7d5208d3e78e03eb,https://dashboard.palatial.cloud/viewer/n00738-sm-paint-container-jar-yellow-simready-8e03eb,Original Library,,,no confirmed NV mapping
69e51e4c0876e0e5e552167b,N00765 Sm Paint Container Tube Simready,N00765 Paint Tube,True,Patch Only,True,READY,https://library.palatial.cloud/asset/69e51e4c0876e0e5e552167b,https://dashboard.palatial.cloud/viewer/n00765-sm-paint-container-tube-simready-52167b,Original Library,,,no confirmed NV mapping
69e51e950876e0e5e552222a,N00785 Sm Paint Container Tube Simready,N00785 Oil Paint Tube,True,Patch Only,True,READY,https://library.palatial.cloud/asset/69e51e950876e0e5e552222a,https://dashboard.palatial.cloud/viewer/n00785-sm-paint-container-tube-simready-52222a,Original Library,,,no confirmed NV mapping
69e745347d5208d3e79243e8,N00803 Sm Paint Supplies Brushes Simready,N00803 Flat Paint Brush,True,Patch Only,True,READY,https://library.palatial.cloud/asset/69e745347d5208d3e79243e8,https://dashboard.palatial.cloud/viewer/n00803-sm-paint-supplies-brushes-simready-9243e8,Original Library,,,no confirmed NV mapping
69e730f97d5208d3e78ec85c,N00805 Sm Paint Supplies Brushes Simready,N00805 Flat Paint Brush,True,Patch Only,True,READY,https://library.palatial.cloud/asset/69e730f97d5208d3e78ec85c,https://dashboard.palatial.cloud/viewer/n00805-sm-paint-supplies-brushes-simready-8ec85c,Original Library,,,no confirmed NV mapping
69e7150b518f642e4d89608f,N00807 Small Paint Supplies Brushes Simready,N00807 Flat Paint Brush,True,Patch Only,True,READY,https://library.palatial.cloud/asset/69e7150b518f642e4d89608f,https://dashboard.palatial.cloud/viewer/n00807-small-paint-supplies-brushes-simready-89608f,Original Library,,,no confirmed NV mapping
69e731a27d5208d3e78ee005,N00809 Sm Paint Supplies Brushes Simready,N00809 Long-Handled Artist Brush,True,Patch Only,True,READY,https://library.palatial.cloud/asset/69e731a27d5208d3e78ee005,https://dashboard.palatial.cloud/viewer/n00809-sm-paint-supplies-brushes-simready-8ee005,Original Library,,,no confirmed NV mapping
69e7330b7d5208d3e78f23c3,N00811 Sm Paint Supplies Brushes Simready,N00811 Long-Handled Flat Artist Brush,True,Patch Only,True,READY,https://library.palatial.cloud/asset/69e7330b7d5208d3e78f23c3,https://dashboard.palatial.cloud/viewer/n00811-sm-paint-supplies-brushes-simready-8f23c3,Original Library,,,no confirmed NV mapping
69e733867d5208d3e78f3e67,N00813 Sm Paint Supplies Brushes Simready,N00813 Long-Handled Flat Artist Brush,True,Patch Only,True,READY,https://library.palatial.cloud/asset/69e733867d5208d3e78f3e67,https://dashboard.palatial.cloud/viewer/n00813-sm-paint-supplies-brushes-simready-8f3e67,Original Library,,,no confirmed NV mapping
69e7166c518f642e4d89975d,N00815 Sm Paint Supplies Brushes Simready,N00815 Round Artist Brush,True,Patch Only,True,READY,https://library.palatial.cloud/asset/69e7166c518f642e4d89975d,https://dashboard.palatial.cloud/viewer/n00815-sm-paint-supplies-brushes-simready-89975d,Original Library,,,no confirmed NV mapping
69e733a07d5208d3e78f4278,N00817 Sm Paint Supplies Brushes Simready,N00817 Round Artist Brush,True,Patch Only,True,READY,https://library.palatial.cloud/asset/69e733a07d5208d3e78f4278,https://dashboard.palatial.cloud/viewer/n00817-sm-paint-supplies-brushes-simready-8f4278,Original Library,,,no confirmed NV mapping
69e745197d5208d3e7923e4e,N00819 Sm Paint Supplies Brushes Simready,N00819 Angled Shader Brush,True,Patch Only,True,READY,https://library.palatial.cloud/asset/69e745197d5208d3e7923e4e,https://dashboard.palatial.cloud/viewer/n00819-sm-paint-supplies-brushes-simready-923e4e,Original Library,,,no confirmed NV mapping
69e733bb7d5208d3e78f48aa,N00821 Sm Paint Supplies Brushes Simready,N00821 Angled Flat Paint Brush,True,Patch Only,True,READY,https://library.palatial.cloud/asset/69e733bb7d5208d3e78f48aa,https://dashboard.palatial.cloud/viewer/n00821-sm-paint-supplies-brushes-simready-8f48aa,Original Library,,,no confirmed NV mapping
69e6cec2762715d1a7573000,N00823 Sm Paint Supplies Brushes Simready,N00823 Palette Knife,True,Patch Only,True,READY,https://library.palatial.cloud/asset/69e6cec2762715d1a7573000,https://dashboard.palatial.cloud/viewer/n00823-sm-paint-supplies-brushes-simready-573000,Original Library,,,no confirmed NV mapping
69e6ce53762715d1a7571452,N00830 Sm Paint Supplies Palletknife Simready,N00830 Palette Knife,True,Patch Only,True,READY,https://library.palatial.cloud/asset/69e6ce53762715d1a7571452,https://dashboard.palatial.cloud/viewer/n00830-sm-paint-supplies-palletknife-simready-571452,Original Library,,,no confirmed NV mapping
69e51ed00876e0e5e5522b68,N00831 Sm Paint Supplies Palletknife,N00831 Palette Knife,True,Patch Only,True,READY,https://library.palatial.cloud/asset/69e51ed00876e0e5e5522b68,https://dashboard.palatial.cloud/viewer/n00831-sm-paint-supplies-palletknife-522b68,Original Library,,,no confirmed NV mapping
69e51eee0876e0e5e5522ff2,N00832 Sm Paint Supplies Palletknife Simready,N00832 Palette Knife,True,Patch Only,True,READY,https://library.palatial.cloud/asset/69e51eee0876e0e5e5522ff2,https://dashboard.palatial.cloud/viewer/n00832-sm-paint-supplies-palletknife-simready-522ff2,Original Library,,,no confirmed NV mapping
69e602822fb4f6a071a03ecb,N00834 Sm_Paint_Supplies_Palletknife_A03_Simready_,N00834 Palette Knife,True,Patch Only,True,READY,https://library.palatial.cloud/asset/69e602822fb4f6a071a03ecb,https://dashboard.palatial.cloud/viewer/n00834-sm-paint-supplies-palletknife-a03-simready-a03ecb,Original Library,,,no confirmed NV mapping
69e6ffc8518f642e4d86b8b4,N00838 Sm Paint Supplies Palletknife Simready,N00838 Palette Knife,True,Patch Only,True,READY,https://library.palatial.cloud/asset/69e6ffc8518f642e4d86b8b4,https://dashboard.palatial.cloud/viewer/n00838-sm-paint-supplies-palletknife-simready-86b8b4,Original Library,,,no confirmed NV mapping
69e51f270876e0e5e55238d0,N00841 Sm Paint Supplies Spray gun Simready,N00841 Gravity-Feed Paint Spray Gun,True,Patch Only,True,READY,https://library.palatial.cloud/asset/69e51f270876e0e5e55238d0,https://dashboard.palatial.cloud/viewer/n00841-sm-paint-supplies-spray-gun-simready-5238d0,Original Library,,,no confirmed NV mapping
69e51f420876e0e5e5523dff,N00850 Sm Power Battery 9v Simready,N00850 9V Battery,True,Patch Only,True,READY,https://library.palatial.cloud/asset/69e51f420876e0e5e5523dff,https://dashboard.palatial.cloud/viewer/n00850-sm-power-battery-9v-simready-523dff,Original Library,,,no confirmed NV mapping
69e5d24f2fb4f6a07197a35f,N00852 Sm power battery 9v case,N00852 9V Battery Holder,True,Patch Only,True,READY,https://library.palatial.cloud/asset/69e5d24f2fb4f6a07197a35f,https://dashboard.palatial.cloud/viewer/n00852-sm-power-battery-9v-case-97a35f,Original Library,,,no confirmed NV mapping
69e727707d5208d3e78d83b9,N00871 Sm Stationary Pastels Simready,N00871 Soft Pastel Stick,True,Patch Only,True,READY,https://library.palatial.cloud/asset/69e727707d5208d3e78d83b9,https://dashboard.palatial.cloud/viewer/n00871-sm-stationary-pastels-simready-8d83b9,Original Library,,,no confirmed NV mapping
69e75a567d5208d3e795265f,N00879 Sm Stationery Chalk Sticks Simready,N00879 Chalk Stick,True,Patch Only,True,READY,https://library.palatial.cloud/asset/69e75a567d5208d3e795265f,https://dashboard.palatial.cloud/viewer/n00879-sm-stationery-chalk-sticks-simready-95265f,Original Library,,,no confirmed NV mapping
69e7589c7d5208d3e794d5fa,N00889 Sm Stationery Chalk Sticks Simready,N00889 Chalk Stick,True,Patch Only,True,READY,https://library.palatial.cloud/asset/69e7589c7d5208d3e794d5fa,https://dashboard.palatial.cloud/viewer/n00889-sm-stationery-chalk-sticks-simready-94d5fa,Original Library,,,no confirmed NV mapping
69e5223e0876e0e5e552cc14,N00924 Sm Stationery Markers Alcohol Violet,N00924 Violet Alcohol Marker,True,Patch Only,True,READY,https://library.palatial.cloud/asset/69e5223e0876e0e5e552cc14,https://dashboard.palatial.cloud/viewer/n00924-sm-stationery-markers-alcohol-violet-52cc14,Original Library,,,no confirmed NV mapping
69e5d8252fb4f6a0719968a2,N00924 Sm_stationery_markers_alcohol_violet_Fixed,N00924 Violet Alcohol Marker,True,Patch Only,True,READY,https://library.palatial.cloud/asset/69e5d8252fb4f6a0719968a2,https://dashboard.palatial.cloud/viewer/n00924-sm-stationery-markers-alcohol-violet-fixed-9968a2,Original Library,,,no confirmed NV mapping
69e72a6b7d5208d3e78dd6cc,N00935 Sm Stationery Markers Thin Peach Simready,N00935 Peach Alcohol Marker,True,Patch Only,True,READY,https://library.palatial.cloud/asset/69e72a6b7d5208d3e78dd6cc,https://dashboard.palatial.cloud/viewer/n00935-sm-stationery-markers-thin-peach-simready-8dd6cc,Original Library,,,no confirmed NV mapping
69e72c607d5208d3e78e168f,N00996 Sm Tool Cutting Boxcutter Simready,N00996 Box Cutter,True,Patch Only,True,READY,https://library.palatial.cloud/asset/69e72c607d5208d3e78e168f,https://dashboard.palatial.cloud/viewer/n00996-sm-tool-cutting-boxcutter-simready-8e168f,Original Library,,,no confirmed NV mapping
69eefdd3c917ed99cd5dc6c3,N00998 Small Tool Cutting Hobby Knife,N00998 Capped Hobby Knife,True,Patch Only,True,READY,https://library.palatial.cloud/asset/69eefdd3c917ed99cd5dc6c3,https://dashboard.palatial.cloud/viewer/n00998-small-tool-cutting-hobby-knife-5dc6c3,Original Library,,,no confirmed NV mapping
69e602782fb4f6a071a03e44,N00999 Sm_Tool_Cutting_Hobbyknife_A01_Simready_01,N00999 Capped Hobby Knife,True,Patch Only,True,READY,https://library.palatial.cloud/asset/69e602782fb4f6a071a03e44,https://dashboard.palatial.cloud/viewer/n00999-sm-tool-cutting-hobbyknife-a01-simready-01-a03e44,Original Library,,,no confirmed NV mapping
69e71509518f642e4d896046,N01002 Sm Tool Cutting Scissors Simready,N01002 Scissors,True,Patch Only,True,READY,https://library.palatial.cloud/asset/69e71509518f642e4d896046,https://dashboard.palatial.cloud/viewer/n01002-sm-tool-cutting-scissors-simready-896046,Original Library,,,no confirmed NV mapping
69e71396518f642e4d892039,N01007 Small Tool Hammer Simready,N01007 Claw Hammer,True,Patch Only,True,READY,https://library.palatial.cloud/asset/69e71396518f642e4d892039,https://dashboard.palatial.cloud/viewer/n01007-small-tool-hammer-simready-892039,Original Library,,,no confirmed NV mapping
69e6ce84762715d1a7572034,N01009 Sm Tool Hammer Simready,N01009 Claw Hammer,True,Patch Only,True,READY,https://library.palatial.cloud/asset/69e6ce84762715d1a7572034,https://dashboard.palatial.cloud/viewer/n01009-sm-tool-hammer-simready-572034,Original Library,,,no confirmed NV mapping
69e6ffe1518f642e4d86bbdb,N01011 Sm Tool Hammer Simready,N01011 Claw Hammer,True,Patch Only,True,READY,https://library.palatial.cloud/asset/69e6ffe1518f642e4d86bbdb,https://dashboard.palatial.cloud/viewer/n01011-sm-tool-hammer-simready-86bbdb,Original Library,,,no confirmed NV mapping
69e6ce38762715d1a7571034,N01014 Sm Tool Plier Simready,N01014 End-Cutting Pincers,True,Patch Only,True,READY,https://library.palatial.cloud/asset/69e6ce38762715d1a7571034,https://dashboard.palatial.cloud/viewer/n01014-sm-tool-plier-simready-571034,Original Library,,,no confirmed NV mapping
69e537e40876e0e5e5572974,N01034 Sm Toys Marble Simready,N01034 Marbled Sphere,True,Patch Only,True,READY,https://library.palatial.cloud/asset/69e537e40876e0e5e5572974,https://dashboard.palatial.cloud/viewer/n01034-sm-toys-marble-simready-572974,Original Library,,,no confirmed NV mapping
